[{"nickname":"Assistente","commento":"Non siamo ancora riusciti ad integrare i 'Mi piace'","colore":"Rosso"},{"nickname":"","commento":"","colore":"Rosso"},{"nickname":"","commento":"","colore":"Rosso"},{"nickname":"Marco","commento":"Oggi gambe! 💪💪🏻💪🏼💪🏽💪🏾💪🏿","colore":"Nero"},{"nickname":"Musso","commento":"Daje!!!!","colore":"Grigio"},{"nickname":"Kim","commento":"Spacca","colore":"Bianco"},{"nickname":"Ziopera","commento":"bvuisdui","colore":"Viola"},{"nickname":"Rosa Ricci","commento":"I so rosa ricc","colore":"Rosa"},{"nickname":"Cacas","commento":"Caracas!","colore":"Trasparente"},{"nickname":"","commento":"","colore":"Giallo"},{"nickname":"","commento":"","colore":"Rosso"},{"nickname":"","commento":"","colore":"Rosso"}]